{
  "meta": {
    "evaluated_file": "output/claude-3-7-sonnet-20250219/claude-3-7-sonnet-20250219_topic_results_20250521_220655.json",
    "valid_repositories": 100,
    "data_limit": 100,
    "evaluation_time": "2025-05-22 00:42:56"
  },
  "metrics": {
    "precision": {
      "3": 0.5066666666666666,
      "4": 0.465,
      "5": 0.42599999999999993
    },
    "recall": {
      "3": 0.21065942545586508,
      "4": 0.25181827374551835,
      "5": 0.27435914747447254
    },
    "f1": {
      "3": 0.2975888095240407,
      "4": 0.32670901839546784,
      "5": 0.3337630335681033
    },
    "success_rate": {
      "3": 0.83,
      "4": 0.87,
      "5": 0.89
    }
  }
}