{
  "meta": {
    "evaluated_file": "output/deepseek-v3/deepseek-v3_topic_results_20250521_210809.json",
    "valid_repositories": 1000,
    "data_limit": 1000,
    "evaluation_time": "2025-05-21 21:10:51"
  },
  "metrics": {
    "precision": {
      "3": 0.5186666666666666,
      "4": 0.4605833333333333,
      "5": 0.4171333333333333
    },
    "recall": {
      "3": 0.22714266671580913,
      "4": 0.25945287277222256,
      "5": 0.28875243242739373
    },
    "f1": {
      "3": 0.31592881593196354,
      "4": 0.3319268335982013,
      "5": 0.34126843319114325
    },
    "success_rate": {
      "3": 0.848,
      "4": 0.872,
      "5": 0.887
    }
  }
}