{
  "meta": {
    "evaluated_file": "output/deepseek-v3/deepseek-v3_topic_results_20250521_210809.json",
    "valid_repositories": 100,
    "data_limit": 100,
    "evaluation_time": "2025-05-21 21:10:47"
  },
  "metrics": {
    "precision": {
      "3": 0.5099999999999999,
      "4": 0.4475,
      "5": 0.406
    },
    "recall": {
      "3": 0.2035176921891318,
      "4": 0.22801778785370114,
      "5": 0.2544127472544655
    },
    "f1": {
      "3": 0.2909360879279909,
      "4": 0.30210295538991766,
      "5": 0.31280915098846035
    },
    "success_rate": {
      "3": 0.8,
      "4": 0.83,
      "5": 0.85
    }
  }
}