{
  "meta": {
    "evaluated_file": "output/deepseek-v3/deepseek-v3_topic_results_20250521_210809.json",
    "valid_repositories": 3000,
    "data_limit": 3000,
    "evaluation_time": "2025-05-21 21:10:54"
  },
  "metrics": {
    "precision": {
      "3": 0.507888888888889,
      "4": 0.45186111111111116,
      "5": 0.4093277777777778
    },
    "recall": {
      "3": 0.23667171039887758,
      "4": 0.2714538484348469,
      "5": 0.3007486539833289
    },
    "f1": {
      "3": 0.3228828711616028,
      "4": 0.3391591337918777,
      "5": 0.3467366967787782
    },
    "success_rate": {
      "3": 0.8406666666666667,
      "4": 0.8683333333333333,
      "5": 0.8806666666666667
    }
  }
}