{
  "meta": {
    "evaluated_file": "output/gemini-2.0-flash/gemini-2.0-flash_topic_results_20250521_233529.json",
    "valid_repositories": 3000,
    "data_limit": 3000,
    "evaluation_time": "2025-05-22 00:43:41"
  },
  "metrics": {
    "precision": {
      "3": 0.3947777777777777,
      "4": 0.3545,
      "5": 0.3217166666666667
    },
    "recall": {
      "3": 0.18699540948244506,
      "4": 0.2161648231054578,
      "5": 0.23890563146433888
    },
    "f1": {
      "3": 0.25378148676042506,
      "4": 0.26856545799993575,
      "5": 0.274195028127981
    },
    "success_rate": {
      "3": 0.684,
      "4": 0.709,
      "5": 0.725
    }
  }
}