{
  "meta": {
    "evaluated_file": "output/gemini-2.0-flash/gemini-2.0-flash_topic_results_20250521_233529.json",
    "valid_repositories": 1000,
    "data_limit": 1000,
    "evaluation_time": "2025-05-22 00:43:37"
  },
  "metrics": {
    "precision": {
      "3": 0.409,
      "4": 0.3625,
      "5": 0.32675
    },
    "recall": {
      "3": 0.1829270402627988,
      "4": 0.20830342860613757,
      "5": 0.23054839018910225
    },
    "f1": {
      "3": 0.2527918286492471,
      "4": 0.2645744194428371,
      "5": 0.27034596840923103
    },
    "success_rate": {
      "3": 0.691,
      "4": 0.723,
      "5": 0.744
    }
  }
}