{
  "meta": {
    "evaluated_file": "output/gemini-2.0-flash/gemini-2.0-flash_topic_results_20250521_233529.json",
    "valid_repositories": 100,
    "data_limit": 100,
    "evaluation_time": "2025-05-22 00:43:34"
  },
  "metrics": {
    "precision": {
      "3": 0.41333333333333333,
      "4": 0.3625,
      "5": 0.318
    },
    "recall": {
      "3": 0.16873216665515428,
      "4": 0.19357375970262963,
      "5": 0.20577175469009834
    },
    "f1": {
      "3": 0.23963842174294767,
      "4": 0.25237834610188464,
      "5": 0.2498623394847538
    },
    "success_rate": {
      "3": 0.69,
      "4": 0.73,
      "5": 0.76
    }
  }
}