{
  "meta": {
    "evaluated_file": "output/gpt-4o/gpt-4o_topic_results_20250521_203751.json",
    "valid_repositories": 3000,
    "data_limit": 3000,
    "evaluation_time": "2025-05-21 20:41:08"
  },
  "metrics": {
    "precision": {
      "3": 0.4427777777777778,
      "4": 0.39158333333333334,
      "5": 0.3509666666666667
    },
    "recall": {
      "3": 0.21161002075123592,
      "4": 0.24255273715362724,
      "5": 0.26416889792354187
    },
    "f1": {
      "3": 0.28636296383997284,
      "4": 0.2995559273289887,
      "5": 0.3014440486886725
    },
    "success_rate": {
      "3": 0.7786666666666666,
      "4": 0.811,
      "5": 0.8253333333333334
    }
  }
}