{
  "meta": {
    "evaluated_file": "output/qwen-plus-latest/qwen-plus-latest_topic_results_20250522_004058.json",
    "valid_repositories": 100,
    "data_limit": 100,
    "evaluation_time": "2025-05-22 00:44:05"
  },
  "metrics": {
    "precision": {
      "3": 0.44333333333333336,
      "4": 0.4075,
      "5": 0.382
    },
    "recall": {
      "3": 0.1755868134273707,
      "4": 0.20990255586346915,
      "5": 0.23924467104962457
    },
    "f1": {
      "3": 0.2515461411089962,
      "4": 0.277081106004617,
      "5": 0.29422051761521284
    },
    "success_rate": {
      "3": 0.77,
      "4": 0.81,
      "5": 0.82
    }
  }
}