{
  "meta": {
    "evaluated_file": "output/qwen-plus-latest/qwen-plus-latest_topic_results_20250522_004058.json",
    "valid_repositories": 1000,
    "data_limit": 1000,
    "evaluation_time": "2025-05-22 00:44:08"
  },
  "metrics": {
    "precision": {
      "3": 0.48,
      "4": 0.43325,
      "5": 0.392
    },
    "recall": {
      "3": 0.21516971849529898,
      "4": 0.25057206482458033,
      "5": 0.27550900063129163
    },
    "f1": {
      "3": 0.2971402871267096,
      "4": 0.31751051236727273,
      "5": 0.32358972881362374
    },
    "success_rate": {
      "3": 0.811,
      "4": 0.843,
      "5": 0.862
    }
  }
}