{
  "meta": {
    "evaluated_file": "output/qwen-plus-latest/qwen-plus-latest_topic_results_20250522_004058.json",
    "valid_repositories": 3000,
    "data_limit": 3000,
    "evaluation_time": "2025-05-22 00:44:11"
  },
  "metrics": {
    "precision": {
      "3": 0.46922222222222215,
      "4": 0.4205,
      "5": 0.3798666666666667
    },
    "recall": {
      "3": 0.22010854543060426,
      "4": 0.25487437400633994,
      "5": 0.2807313068496118
    },
    "f1": {
      "3": 0.2996524329494742,
      "4": 0.3173785633408112,
      "5": 0.32286040840938596
    },
    "success_rate": {
      "3": 0.8056666666666666,
      "4": 0.8386666666666667,
      "5": 0.8603333333333333
    }
  }
}